<?xml version="1.0"?>
<schema version="0.3">
    <table name="btPhotowallGallery">
        <field name="bID" type="I">
            <key />
            <unsigned />
        </field>
        <field name="fileset" type="C" size="255"></field>
        <field name="rowHeight" type="C" size="10"></field>
		<field name="maxRowHeight" type="C" size="10"></field>
        <field name="margins" type="C" size="10"></field>
        <field name="hideBarsDelay" type="C" size="10"></field>
        <field name="captionEnable" type="C" size="10"></field>
        <field name="fixedHeight" type="c" size="10"></field>
        <field name="lastRow" type="C" size="10"></field>
		<field name="randomize" type="C" size="10"></field>
		<field name="loopatEnd" type="C" size="10"></field>
    </table>
    <table name="btPhotowallGalleryThumb">
        <field name="id" type="I"><unsigned/><key/><autoincrement/></field>
        <field name="bID" type="I"></field>
        <field name="fID" type="I"></field>
        <field name="sort" type="I"></field>
    </table>
</schema>